Feature,Coefficient
recency_days,0.0033850110159882423
avg_order_value,0.0011750726107488093
monetary,-0.00011137192365641318
frequency,-0.21298201110110804
